{"current":{"layout_body":"boxed","body_custom_width_size":1800,"bg_color_layout_boxed":"#220971","bg_image_layout_boxed":"shopify:\/\/shop_images\/TCG_5.png","link_left":"","link_right":"","type_font_1":"google_fonts","type_font_1_name":"Jost","type_font_1_font":"mono","type_font_2":"google_fonts","type_font_2_name":"Jost","type_font_2_font":"abril_fatface_n4","type_body":"font_1","type_body_font_size":16,"type_body_font_weight":"400","type_body_line_height":26,"type_body_letter_spacing":"0","type_heading":"font_2","type_heading_font_size":24,"type_heading_font_weight":"700","type_heading_font_style":"normal","type_heading_text_transform":"uppercase","type_heading_line_height":24,"type_heading_letter_spacing":"0","type_heading_border_height":1,"type_menu_lv_1":"font_1","type_menu_lv1_font_size":16,"type_menu_lv1_font_weight":"800","type_menu_lv1_text_transform":"uppercase","type_menu_lv1_line_height":24,"type_menu_lv1_letter_spacing":"0","type_menu_lv_2":"font_1","type_menu_lv2_font_size":16,"type_menu_lv2_font_weight":"400","type_menu_lv2_text_transform":"capitalize","type_menu_lv2_line_height":24,"type_menu_lv2_letter_spacing":"0","type_menu_lv_3":"font_1","type_menu_lv3_font_size":16,"type_menu_lv3_font_weight":"400","type_menu_lv3_text_transform":"capitalize","type_menu_lv3_line_height":24,"type_menu_lv3_letter_spacing":"0","type_mega_menu_lv_2":"font_1","type_mega_menu_lv2_font_size":16,"type_mega_menu_lv2_font_weight":"700","type_mega_menu_lv2_font_style":"normal","type_mega_menu_lv2_text_transform":"capitalize","type_mega_menu_lv2_line_height":20,"type_mega_menu_lv2_letter_spacing":"0","type_mega_menu_lv_3":"font_1","type_mega_menu_lv3_font_size":16,"type_mega_menu_lv3_font_weight":"400","type_mega_menu_lv3_text_transform":"capitalize","type_mega_menu_lv3_line_height":24,"type_mega_menu_lv3_letter_spacing":"0","product_title_font":"font_1","product_title_font_size":16,"product_title_font_weight":"400","product_title_text_transform":"capitalize","product_title_line_height":24,"product_title_letter_spacing":"0","product_title_line_text":"2","product_vendor_font_size":14,"product_vendor_font_weight":"700","product_vendor_text_transform":"capitalize","product_vendor_line_height":24,"product_vendor_letter_spacing":"0","product_price_font_size":16,"product_price_font_weight":"600","product_price_letter_spacing":"0","badge_font_size":14,"badge_font_weight":"400","badge_text_transform":"capitalize","badge__line_height":20,"badge_letter_spacing":"0","badge_border_radius":3,"badge_padding_left_right":10,"blog_title_font":"font_1","blog_title_font_size":24,"blog_title_font_weight":"700","blog_title_text_transform":"capitalize","blog_title_line_height":36,"blog_title_letter_spacing":"0","blog_info_font_weight":"400","blog_info_text_transform":"none","blog_info_line_height":22,"blog_info_letter_spacing":"0","type_button_1":"font_1","type_button_1_font_size":18,"type_button_1_font_weight":"700","type_button_1_text_transform":"capitalize","button_1_line_height":24,"button_1_letter_spacing":"0","button_1_border_radius":25,"button_1_border_width":1,"button_1_border_style":"solid","button_1_text_align":"center","button_1_padding_top":11,"button_1_padding_bottom":12,"button_1_horizontal_length":0,"button_1_vertical_length":0,"button_1_blur_radius":0,"btn_1_bg_box_shadow":"rgba(0,0,0,0)","btn_1_bg_box_shadow_hover":"rgba(0,0,0,0)","button_1_opacity":"1","button_1_inset":"no","type_button_2":"font_1","type_button_2_font_size":18,"type_button_2_font_weight":"700","type_button_2_text_transform":"capitalize","button_2_line_height":24,"button_2_letter_spacing":"0","button_2_border_radius":25,"button_2_border_width":1,"button_2_text_align":"center","button_2_padding_top":13,"button_2_padding_bottom":13,"button_2_horizontal_length":0,"button_2_vertical_length":0,"button_2_blur_radius":0,"btn_2_bg_box_shadow":"rgba(0,0,0,0)","btn_2_bg_box_shadow_hover":"rgba(0,0,0,0)","button_2_opacity":"1","type_button_3":"font_1","type_button_3_font_size":16,"type_button_3_font_weight":"700","type_button_3_text_transform":"capitalize","button_3_line_height":24,"button_3_letter_spacing":"0","button_3_border_radius":22,"button_3_border_width":1,"button_3_padding_top":9,"button_3_padding_bottom":10,"button_3_horizontal_length":0,"button_3_vertical_length":0,"btn_3_bg_box_shadow":"rgba(0,0,0,0)","btn_3_bg_box_shadow_hover":"rgba(0,0,0,0)","button_3_opacity":"1","favicon":"shopify:\/\/shop_images\/1000007731.webp","after_add_to_cart":"quick_cart","show_customer_login":true,"customer_login_btn_2":"2","show_global_checkbox":false,"global_checkbox_text":"I agree with","global_checkbox_link_text":"Terms & Conditions","global_checkbox_content":"What is Lorem Ipsum?\n\nLorem Ipsum is simply dummy text of the printing and typesetting industry. Lorem Ipsum has been the industry's standard dummy text ever since the 1500s, when an unknown printer took a galley of type and scrambled it to make a type specimen book. It has survived not only five centuries, but also the leap into electronic typesetting, remaining essentially unchanged. It was popularised in the 1960s with the release of Letraset sheets containing Lorem Ipsum passages, and more recently with desktop publishing software like Aldus PageMaker including versions of Lorem Ipsum.\nWhy do we use it?\nIt is a long established fact that a reader will be distracted by the readable content of a page when looking at its layout. The point of using Lorem Ipsum is that it has a more-or-less normal distribution of letters, as opposed to using 'Content here, content here', making it look like readable English. Many desktop publishing packages and web page editors now use Lorem Ipsum as their default model text, and a search for 'lorem ipsum' will uncover many web sites still in their infancy. Various versions have evolved over the years, sometimes by accident, sometimes on purpose (injected humour and the like).","swatch_border_radius":0,"swatch":"Color","swatch_type":"color","enable_lazyload":true,"trust_image_product_1":"shopify:\/\/shop_images\/security-image-1.png","trust_image_product_2":"shopify:\/\/shop_images\/security-image-2.png","trust_image_product_3":"shopify:\/\/shop_images\/security-image-3.png","trust_image_product_4":"shopify:\/\/shop_images\/security-image-4.png","trust_image_cart_1":"shopify:\/\/shop_images\/image-trust.jpg","enable_button_disable_arrows":true,"type_arrow_radius":50,"type_arrow_size_icon":17,"style_dots":"01","pagination_style":"2","product_card_layout":"03","disable_product_card_border":true,"product_block_image_ratio":"square","portrait_height":"90","product_block_image_fit":"unset","show_image_loading":true,"show_vendor":false,"display_item_size":false,"display_text_size":false,"show_compare":false,"product_compare_type":"default","show_quick_view":true,"product_quick_view_type":"default","group_quickview_wishlist":"right","product_content_text_align":"center","badge_style":"1","badge_postion":"right","sale_badge_type":"text","show_swatch":true,"point_product_swatch_custom":"30px","show_action":true,"show_quick_shop":true,"enable_multilang_shopify":false,"lange_1":"en","i-lang-1":"<svg viewbox=\"0 0 512 512\" style=\"enable-background:new 0 0 512 512;\"><circle style=\"fill:#F0F0F0;\" cx=\"256\" cy=\"256\" r=\"256\"><\/circle><g><path style=\"fill:#0052B4;\" d=\"M52.92,100.142c-20.109,26.163-35.272,56.318-44.101,89.077h133.178L52.92,100.142z\"><\/path><path style=\"fill:#0052B4;\" d=\"M503.181,189.219c-8.829-32.758-23.993-62.913-44.101-89.076l-89.075,89.076H503.181z\"><\/path><path style=\"fill:#0052B4;\" d=\"M8.819,322.784c8.83,32.758,23.993,62.913,44.101,89.075l89.074-89.075L8.819,322.784L8.819,322.784 z\"><\/path><path style=\"fill:#0052B4;\" d=\"M411.858,52.921c-26.163-20.109-56.317-35.272-89.076-44.102v133.177L411.858,52.921z\"><\/path><path style=\"fill:#0052B4;\" d=\"M100.142,459.079c26.163,20.109,56.318,35.272,89.076,44.102V370.005L100.142,459.079z\"><\/path><path style=\"fill:#0052B4;\" d=\"M189.217,8.819c-32.758,8.83-62.913,23.993-89.075,44.101l89.075,89.075V8.819z\"><\/path><path style=\"fill:#0052B4;\" d=\"M322.783,503.181c32.758-8.83,62.913-23.993,89.075-44.101l-89.075-89.075V503.181z\"><\/path><path style=\"fill:#0052B4;\" d=\"M370.005,322.784l89.075,89.076c20.108-26.162,35.272-56.318,44.101-89.076H370.005z\"><\/path><\/g><g><path style=\"fill:#D80027;\" d=\"M509.833,222.609h-220.44h-0.001V2.167C278.461,0.744,267.317,0,256,0 c-11.319,0-22.461,0.744-33.391,2.167v220.44v0.001H2.167C0.744,233.539,0,244.683,0,256c0,11.319,0.744,22.461,2.167,33.391 h220.44h0.001v220.442C233.539,511.256,244.681,512,256,512c11.317,0,22.461-0.743,33.391-2.167v-220.44v-0.001h220.442 C511.256,278.461,512,267.319,512,256C512,244.683,511.256,233.539,509.833,222.609z\"><\/path><path style=\"fill:#D80027;\" d=\"M322.783,322.784L322.783,322.784L437.019,437.02c5.254-5.252,10.266-10.743,15.048-16.435 l-97.802-97.802h-31.482V322.784z\"><\/path><path style=\"fill:#D80027;\" d=\"M189.217,322.784h-0.002L74.98,437.019c5.252,5.254,10.743,10.266,16.435,15.048l97.802-97.804 V322.784z\"><\/path><path style=\"fill:#D80027;\" d=\"M189.217,189.219v-0.002L74.981,74.98c-5.254,5.252-10.266,10.743-15.048,16.435l97.803,97.803 H189.217z\"><\/path><path style=\"fill:#D80027;\" d=\"M322.783,189.219L322.783,189.219L437.02,74.981c-5.252-5.254-10.743-10.266-16.435-15.047 l-97.802,97.803V189.219z\"><\/path><\/g><\/svg>","lange_2":"de","i-lang-2":"<svg viewbox=\"0 0 512 512\" style=\"enable-background:new 0 0 512 512;\"><path style=\"fill:#FFDA44;\" d=\"M15.923,345.043C52.094,442.527,145.929,512,256,512s203.906-69.473,240.077-166.957L256,322.783  L15.923,345.043z\"><\/path><path d=\"M256,0C145.929,0,52.094,69.472,15.923,166.957L256,189.217l240.077-22.261C459.906,69.472,366.071,0,256,0z\"><\/path><path style=\"fill:#D80027;\" d=\"M15.923,166.957C5.633,194.69,0,224.686,0,256s5.633,61.31,15.923,89.043h480.155  C506.368,317.31,512,287.314,512,256s-5.632-61.31-15.923-89.043H15.923z\"><\/path><\/svg>","enable_currencies":false,"currency_1_unit":"USD","i-currency-1":"<svg x=\"0px\" y=\"0px\" viewbox=\"0 0 512 512\" style=\"enable-background:new 0 0 512 512;\"><circle style=\"fill:#F0F0F0;\" cx=\"256\" cy=\"256\" r=\"256\"><\/circle><g><path style=\"fill:#D80027;\" d=\"M244.87,256H512c0-23.106-3.08-45.49-8.819-66.783H244.87V256z\"><\/path><path style=\"fill:#D80027;\" d=\"M244.87,122.435h229.556c-15.671-25.572-35.708-48.175-59.07-66.783H244.87V122.435z\"><\/path><path style=\"fill:#D80027;\" d=\"M256,512c60.249,0,115.626-20.824,159.356-55.652H96.644C140.374,491.176,195.751,512,256,512z\"><\/path><path style=\"fill:#D80027;\" d=\"M37.574,389.565h436.852c12.581-20.529,22.338-42.969,28.755-66.783H8.819   C15.236,346.596,24.993,369.036,37.574,389.565z\"><\/path><\/g><path style=\"fill:#0052B4;\" d=\"M118.584,39.978h23.329l-21.7,15.765l8.289,25.509l-21.699-15.765L85.104,81.252l7.16-22.037 C73.158,75.13,56.412,93.776,42.612,114.552h7.475l-13.813,10.035c-2.152,3.59-4.216,7.237-6.194,10.938l6.596,20.301l-12.306-8.941  c-3.059,6.481-5.857,13.108-8.372,19.873l7.267,22.368h26.822l-21.7,15.765l8.289,25.509l-21.699-15.765l-12.998,9.444  C0.678,234.537,0,245.189,0,256h256c0-141.384,0-158.052,0-256C205.428,0,158.285,14.67,118.584,39.978z M128.502,230.4  l-21.699-15.765L85.104,230.4l8.289-25.509l-21.7-15.765h26.822l8.288-25.509l8.288,25.509h26.822l-21.7,15.765L128.502,230.4z   M120.213,130.317l8.289,25.509l-21.699-15.765l-21.699,15.765l8.289-25.509l-21.7-15.765h26.822l8.288-25.509l8.288,25.509h26.822  L120.213,130.317z M220.328,230.4l-21.699-15.765L176.93,230.4l8.289-25.509l-21.7-15.765h26.822l8.288-25.509l8.288,25.509h26.822  l-21.7,15.765L220.328,230.4z M212.039,130.317l8.289,25.509l-21.699-15.765l-21.699,15.765l8.289-25.509l-21.7-15.765h26.822  l8.288-25.509l8.288,25.509h26.822L212.039,130.317z M212.039,55.743l8.289,25.509l-21.699-15.765L176.93,81.252l8.289-25.509  l-21.7-15.765h26.822l8.288-25.509l8.288,25.509h26.822L212.039,55.743z\"><\/path><\/svg>","currency_2_unit":"EUR","i-currency-2":"<svg x=\"0px\" y=\"0px\" viewbox=\"0 0 512 512\" style=\"enable-background:new 0 0 512 512;\"><circle style=\"fill:#0052B4;\" cx=\"256\" cy=\"256\" r=\"256\"><\/circle><g><polygon style=\"fill:#FFDA44;\" points=\"256.001,100.174 264.29,125.683 291.11,125.683 269.411,141.448 277.7,166.957 256.001,151.191 234.301,166.957 242.59,141.448 220.891,125.683 247.712,125.683\"><\/polygon><polygon style=\"fill:#FFDA44;\" points=\"145.814,145.814 169.714,157.99 188.679,139.026 184.482,165.516 208.381,177.693 181.89,181.889 177.694,208.381 165.517,184.482 139.027,188.679 157.992,169.714\"><\/polygon><polygon style=\"fill:#FFDA44;\" points=\"100.175,256 125.684,247.711 125.684,220.89 141.448,242.59 166.958,234.301 151.191,256 166.958,277.699 141.448,269.411 125.684,291.11 125.684,264.289\"><\/polygon><polygon style=\"fill:#FFDA44;\" points=\"145.814,366.186 157.991,342.286 139.027,323.321 165.518,327.519 177.693,303.62 181.89,330.111 208.38,334.307 184.484,346.484 188.679,372.974 169.714,354.009\"><\/polygon><polygon style=\"fill:#FFDA44;\" points=\"256.001,411.826 247.711,386.317 220.891,386.317 242.591,370.552 234.301,345.045 256.001,360.809 277.7,345.045 269.411,370.552 291.11,386.317 264.289,386.317\"><\/polygon><polygon style=\"fill:#FFDA44;\" points=\"366.187,366.186 342.288,354.01 323.322,372.975 327.519,346.483 303.622,334.307 330.112,330.111 334.308,303.62 346.484,327.519 372.974,323.321 354.009,342.288\"><\/polygon><polygon style=\"fill:#FFDA44;\" points=\"411.826,256 386.317,264.289 386.317,291.11 370.552,269.41 345.045,277.699 360.81,256 345.045,234.301 370.553,242.59 386.317,220.89 386.317,247.712\"><\/polygon><polygon style=\"fill:#FFDA44;\" points=\"366.187,145.814 354.01,169.714 372.975,188.679 346.483,184.481 334.308,208.38 330.112,181.889 303.622,177.692 327.519,165.516 323.322,139.027 342.289,157.991\"><\/polygon><\/g><\/svg>","currency_3_unit":"GBP","i-currency-3":"<svg viewbox=\"0 0 512 512\" style=\"enable-background:new 0 0 512 512;\"><circle style=\"fill:#F0F0F0;\" cx=\"256\" cy=\"256\" r=\"256\"><\/circle><g><path style=\"fill:#0052B4;\" d=\"M52.92,100.142c-20.109,26.163-35.272,56.318-44.101,89.077h133.178L52.92,100.142z\"><\/path><path style=\"fill:#0052B4;\" d=\"M503.181,189.219c-8.829-32.758-23.993-62.913-44.101-89.076l-89.075,89.076H503.181z\"><\/path><path style=\"fill:#0052B4;\" d=\"M8.819,322.784c8.83,32.758,23.993,62.913,44.101,89.075l89.074-89.075L8.819,322.784L8.819,322.784 z\"><\/path><path style=\"fill:#0052B4;\" d=\"M411.858,52.921c-26.163-20.109-56.317-35.272-89.076-44.102v133.177L411.858,52.921z\"><\/path><path style=\"fill:#0052B4;\" d=\"M100.142,459.079c26.163,20.109,56.318,35.272,89.076,44.102V370.005L100.142,459.079z\"><\/path><path style=\"fill:#0052B4;\" d=\"M189.217,8.819c-32.758,8.83-62.913,23.993-89.075,44.101l89.075,89.075V8.819z\"><\/path><path style=\"fill:#0052B4;\" d=\"M322.783,503.181c32.758-8.83,62.913-23.993,89.075-44.101l-89.075-89.075V503.181z\"><\/path><path style=\"fill:#0052B4;\" d=\"M370.005,322.784l89.075,89.076c20.108-26.162,35.272-56.318,44.101-89.076H370.005z\"><\/path><\/g><g><path style=\"fill:#D80027;\" d=\"M509.833,222.609h-220.44h-0.001V2.167C278.461,0.744,267.317,0,256,0 c-11.319,0-22.461,0.744-33.391,2.167v220.44v0.001H2.167C0.744,233.539,0,244.683,0,256c0,11.319,0.744,22.461,2.167,33.391 h220.44h0.001v220.442C233.539,511.256,244.681,512,256,512c11.317,0,22.461-0.743,33.391-2.167v-220.44v-0.001h220.442 C511.256,278.461,512,267.319,512,256C512,244.683,511.256,233.539,509.833,222.609z\"><\/path><path style=\"fill:#D80027;\" d=\"M322.783,322.784L322.783,322.784L437.019,437.02c5.254-5.252,10.266-10.743,15.048-16.435 l-97.802-97.802h-31.482V322.784z\"><\/path><path style=\"fill:#D80027;\" d=\"M189.217,322.784h-0.002L74.98,437.019c5.252,5.254,10.743,10.266,16.435,15.048l97.802-97.804 V322.784z\"><\/path><path style=\"fill:#D80027;\" d=\"M189.217,189.219v-0.002L74.981,74.98c-5.254,5.252-10.266,10.743-15.048,16.435l97.803,97.803 H189.217z\"><\/path><path style=\"fill:#D80027;\" d=\"M322.783,189.219L322.783,189.219L437.02,74.981c-5.252-5.254-10.743-10.266-16.435-15.047 l-97.802,97.803V189.219z\"><\/path><\/g><\/svg>","i-currency-4":"<svg viewbox=\"0 0 512 512\" style=\"enable-background:new 0 0 512 512;\"><circle style=\"fill:#D80027;\" cx=\"256\" cy=\"256\" r=\"256\"><\/circle><polygon style=\"fill:#F0F0F0;\" points=\"389.565,211.479 300.522,211.479 300.522,122.435 211.478,122.435 211.478,211.479   122.435,211.479 122.435,300.522 211.478,300.522 211.478,389.565 300.522,389.565 300.522,300.522 389.565,300.522 \"><\/polygon><\/svg>","enable_multilevel_categories":false,"category_filter":"main-menu","category_filter_label1":"Select Level 1","category_filter_label2":"Select Level 2","category_filter_label3":"Select Level 3","border_button_filter_color":"#ff736b","quick_search_to_show":3,"show_search_trending":false,"search_trending_title":"Trending Now","seach_trending_item_1":"dempus","seach_trending_item_2":"sample","seach_trending_item_3":"magnis","seach_trending_item_4":"loremous saliduar","seach_trending_item_5":"naminos","seach_trending_item_6":"dinterdum","seach_trending_item_7":"","seach_trending_item_8":"","seach_trending_item_9":"","seach_trending_item_10":"","seach_trending_item_11":"","seach_trending_item_12":"","seach_trending_item_13":"","seach_trending_item_14":"","seach_trending_item_15":"","search_product_collection":"tcg-booster-packs","search_product_to_show":3,"search_product_per_row":"3","show_quick_cart":true,"quick_cart_redirect_button":"none","quick_cart_redirect_button_link":"","quick_cart_sidebar_item_bg":"#ffffff","quick_cart_sidebar_item_border":"#e8e8e8","quick_cart_sidebar_item_borderw":1,"quick_cart_sidebar_item_borders":"solid","cart_product_gift":"gift-wrapping","gift_content":"Do you want a gift wrap?","main_cart_gift_content":"DO YOU WANT A GIFT WRAP? <span style=\"font-weight: bold\">ONLY FOR $10.00<span><\/span><\/span>","show_cart_shipping":true,"show_quick_cart_popular_product":true,"quick_cart_popular_product_title":"You May Also Like","quick_cart_popular_product_collection":"tcg-booster-packs","quick_cart_popular_product_dots":false,"quick_cart_popular_product_arrows":true,"show_quick_edit_cart":true,"quick_edit_cart_picker_type":"button","quick_view_layout":"3","show_quick_view_short_description":false,"show_countdown":false,"countdown_type":"all_product","countdown_collection":"","show_calculator_free_shipping_message":false,"calculator_free_shipping_message_height":10,"calculator_free_shipping_message_border_radius":20,"calculator_free_shipping_message_color":"#727272","calculator_free_shipping_message_bg":"#ededed","calculator_free_shipping_message_bg_1":"#f44336","calculator_free_shipping_message_bg_2":"#ffc206","show_someone_purchase":false,"someone_purchase_position":"right","show_gdpr_cookie_consent":false,"gdpr_cookie_consent_type":"left","gdpr_cookie_consent_btn_1_link":"https:\/\/policies.google.com\/","gdpr_cookie_consent_btn_2_text":"Accept","gdpr_cookie_consent_color":"#ffffff","gdpr_cookie_consent_color_privacy":"#818181","gdpr_cookie_consent_bg":"#141414","show_newsletter_popup":true,"newsletter_popup_delay":5,"newsletter_popup_image":"shopify:\/\/shop_images\/mixed-brands-monthly-tcg-booster-box-subscription-multi-game-packs.jpg","newsletter_popup_title":"Join Our Mailing List","newsletter_popup_desc":"Sign Up for exclusive updates, \nnew arrivals & insider only discounts","newsletter_popup_note":"No, thanks","show_recently_viewed_popup":false,"recently_viewed_limit":5,"show_before_you_leave":false,"before_you_leave_time":1,"before_you_leave_logo":"shopify:\/\/shop_images\/ella-logo-black-compressor.png","before_you_leave_bg":"shopify:\/\/shop_images\/before-you.jpg","before_you_leave_content":"<h3 class=\"title\">Before you leave...<\/h3>\n\t\t<p class=\"desc1\">Take 20% off your first order<\/p>\n\t\t<h3 class=\"heading1\">\n\t\t\t<span class=\"text\">20% off<\/span>\n\t\t<\/h3>\n\t\t<p class=\"desc2\">Enter the code below at checkout to get 20% off your first order<\/p>\n\t\t<h3 class=\"heading2\">CODESALE20<\/h3>\n\t\t<a class=\"button button-2\" href=\"\/new-in\">\n\t\t\t<span class=\"text\">Continue Shopping<\/span>\n\t\t<\/a>","before_you_leave_collection":"milancelos","before_you_leave_collection_limit":3,"before_you_leave_btn":"1","notify_form_btn":"1","show_ask_an_expert":false,"ask_an_expert_icon":"<svg xmlns=\"http:\/\/www.w3.org\/2000\/svg\" viewbox=\"0 0 48 48\"><path fill=\"#FFA726\" d=\"M10 22A4 4 0 1 0 10 30 4 4 0 1 0 10 22zM38 22A4 4 0 1 0 38 30 4 4 0 1 0 38 22z\"><\/path><path fill=\"#FFB74D\" d=\"M39,19c0-12.7-30-8.3-30,0c0,1.8,0,8.2,0,10c0,8.3,6.7,15,15,15s15-6.7,15-15C39,27.2,39,20.8,39,19z\"><\/path><path fill=\"#FF5722\" d=\"M24,3C14.6,3,7,10.6,7,20c0,1.2,0,3.4,0,3.4L9,25v-3l21-9.8l9,9.8v3l2-1.6c0,0,0-2.1,0-3.4C41,12,35.3,3,24,3z\"><\/path><path fill=\"#784719\" d=\"M31 24A2 2 0 1 0 31 28 2 2 0 1 0 31 24zM17 24A2 2 0 1 0 17 28 2 2 0 1 0 17 24z\"><\/path><path fill=\"#757575\" d=\"M43,24c-0.6,0-1,0.4-1,1v-7c0-8.8-7.2-16-16-16h-7c-0.6,0-1,0.4-1,1s0.4,1,1,1h7c7.7,0,14,6.3,14,14v10c0,0.6,0.4,1,1,1s1-0.4,1-1v2c0,3.9-3.1,7-7,7H24c-0.6,0-1,0.4-1,1s0.4,1,1,1h11c5,0,9-4,9-9v-5C44,24.4,43.6,24,43,24z\"><\/path><g><path fill=\"#37474F\" d=\"M43 22h-1c-1.1 0-2 .9-2 2v4c0 1.1.9 2 2 2h1c1.1 0 2-.9 2-2v-4C45 22.9 44.1 22 43 22zM24 36A2 2 0 1 0 24 40 2 2 0 1 0 24 36z\"><\/path><\/g><\/svg>","ask_an_expert_banner":"shopify:\/\/shop_images\/ask-an-expert.png","social_twitter_link":"https:\/\/twitter.com\/shopify","social_facebook_link":"https:\/\/www.facebook.com\/shopify","social_pinterest_link":"https:\/\/www.pinterest.com\/shopify\/","social_instagram_link":"https:\/\/www.instagram.com\/shopify\/","social_tiktok_link":"","social_snapchat_link":"https:\/\/www.snapchat.com\/add\/shopify","social_youtube_link":"","social_vimeo_link":"","product_vendor_color":"#220971","product_title_color":"#220971","product_title_color_hover":"#220971","product_price_color":"#220971","product_price_sale_color":"#e92736","product_price_compare_color":"#969696","variant_size_color":"#232323","variant_size_bg":"#ffffff","variant_size_border":"#e7e7e7","variant_size_color_hover":"#ffffff","variant_size_bg_hover":"#232323","variant_size_border_hover":"#232323","product_swatch_border":"#cbcbcb","product_swatch_border_active":"#232323","product_wishlist_bg":"#fff","product_wishlist_color_added":"#ffffff","product_wishlist_bg_added":"#000000","product_quick_view_color":"#220971","product_quick_view_bg":"#ffffff","product_quick_view_color_hover":"#232323","product_quick_view_bg_hover":"#ffffff","product_action_color":"#220971","product_action_border":"#cccccc","product_action_bg":"#ffffff","product_action_color_hover":"#ffffff","product_action_border_hover":"#220971","product_action_bg_hover":"#220971","new_badge_color":"#0071dc","new_badge_bg":"#d1e7ff","sale_badge_color":"#e32200","sale_badge_bg":"#ffd9d7","sold_out_badge_color":"#ffffff","sold_out_badge_bg":"#c1c1c1","custom_badge_color":"#ffffff","custom_badge_bg":"#0f0f0f","bundle_badge_color":"#3cae00","bundle_badge_bg":"#d6fdd2","colors_bg":"#ffffff","colors_text":"#232323","colors_text2":"#969696","colors_text_grey":"#868686","colors_link":"#232323","colors_link_hover":"#232323","colors_global":"#232323","colors_arrow":"#232323","border_colors_arrow":"#cccccc","bg_colors_arrow":"#fff","hover_colors_arrow":"#ffffff","hover_border_colors_arrow":"#232323","hover_bg_colors_arrow":"#232323","border_colors_dots":"#868686","colors_dots":"rgba(0,0,0,0)","border_colors_dots_active":"#220971","colors_dots_active":"#220971","swatch_border":"#cbcbcb","swatch_border-active":"#232323","variant_color":"#232323","variant_bg":"#ffffff","variant_color_active":"#232323","variant_bg_active":"#ffffff","btn_1_border":"#220971","btn_1_bg":"#220971","btn_1_color_hover":"#000000","btn_1_border_hover":"#000000","btn_1_bg_hover":"#ffffff","btn_2_color":"#232323","btn_2_border":"#727272","btn_2_border_hover":"#232323","btn_2_bg_hover":"#232323","btn_3_border":"#e9514b","btn_3_bg":"#e9514b","btn_3_color_hover":"#ffffff","btn_3_border_hover":"#e9514b","btn_3_bg_hover":"#e9514b","enable_promotion":false,"enable_preloading_screen":true,"preloading_screen_image":"shopify:\/\/shop_images\/1000007710_b2044a20-f833-40ef-953f-c0d0159636cf.png","share_product_type":"addthis","show_review":true,"product_review_full_color":"#ffb20d","product_review_empty_color":"#e6e6e6","layout_header":"custom_width","header_custom_width_size":1400,"layout_footer":"default","footer_custom_width_size":1800,"header_mobile_layout":"01","header_layout":"03","footer_layout":"02","type_footer_heading":"font_1","type_footer_heading_font_size":16,"type_footer_heading_font_weight":"700","type_footer_heading_text_transform":"uppercase","type_footer_heading_line_height":20,"type_footer_heading_letter_spacing":"0","type_footer_link":"font_1","type_footer_link_font_size":16,"type_footer_link_text_transform":"capitalize","type_footer_link_line_height":32,"type_footer_link_letter_spacing":"0","enable_multiple_currencies":true,"someone_purchase_product_1":"dempus-lortis-cosmo-sapiendo","someone_purchase_product_2":"dempus-lortis-cosmo-sapiendo-3","someone_purchase_from_ago_2":"Melbourne, AU","someone_purchase_time_ago_2":"15","someone_purchase_product_3":"sample-product-12-clothing-and-accessory-boutiques-for-sale","someone_purchase_from_ago_3":"Sydney, AU","someone_purchase_time_ago_3":"10","someone_purchase_product_4":"sample-product-16-clothing-and-accessory-boutiques-for-sale","someone_purchase_from_ago_4":"Albury, AU","someone_purchase_time_ago_4":"25","someone_purchase_product_5":"sample-product-22-clothing-and-accessory-boutiques-for-sale","someone_purchase_from_ago_5":"New York, US","someone_purchase_time_ago_5":"30","someone_purchase_product_6":"sample-product-2-clothing-and-accessory-boutiques-for-sale","someone_purchase_from_ago_6":"New Deli, India","someone_purchase_product_7":"sample-product-23-clothing-and-accessory-boutiques-for-sale","someone_purchase_from_ago_7":"London, UK","someone_purchase_time_ago_7":"15","someone_purchase_product_8":"sample-product-28-clothing-and-accessory-boutiques-for-sale","someone_purchase_from_ago_8":"Tokyo, Japan","someone_purchase_time_ago_8":"25","someone_purchase_product_9":"sample-product-13-clothing-and-accessory-boutiques-for-sale","someone_purchase_from_ago_9":"Beijing, China","someone_purchase_time_ago_9":"30","someone_purchase_product_10":"sample-product-35-clothing-and-accessory-boutiques-for-sale","badge_padding_top_bottom":4,"type_arrow_size":35,"enable_gradient_button_filter":true,"enable_gradient_button_card":false,"gradient_button_card_color_1":"#ec6131","gradient_button_card_color_2":"#e7334f","enable_gradient_button_1":false,"enable_gradient_button_2":false,"enable_gradient_button_3":false,"colors_loading_icon":"#fff","vendor_text_transform":"uppercase","product_action_group_position":"left","search_product_image_ratio":"portrait","quick_edit_cart_image_ratio":"adapt","quick_cart_redirect_button_type":"3","quick_cart_btn_2":"1","quick_cart_type":"popup","product_swatch_type":"grid","newsletter_popup_style":"2","accent_badge_color_scheme":"background-2","custom_width_size":1600,"quick_cart_popular_product_type":"2","calculator_free_shipping_message_style":"3","free_shipping_borderw":0,"customer_login_type":"sidebar","body_line_height":50,"body_letter_spacing":".02em","sections":{"halo-toolbar-mobile":{"type":"halo-toolbar-mobile","blocks":{"ff736cd3-bd2d-452d-b620-6f30e5896e28":{"type":"link","settings":{"icon":"<svg aria-hidden=\"true\" focusable=\"false\" data-prefix=\"fal\" data-icon=\"home-lg-alt\" role=\"img\" xmlns=\"http:\/\/www.w3.org\/2000\/svg\" viewbox=\"0 0 576 512\" class=\"svg-inline--fa fa-home-lg-alt fa-w-18 fa-3x\"><path fill=\"currentColor\" d=\"M573.48 219.91L310.6 8a35.85 35.85 0 0 0-45.19 0L2.53 219.91a6.71 6.71 0 0 0-1 9.5l14.2 17.5a6.82 6.82 0 0 0 9.6 1L64 216.72V496a16 16 0 0 0 16 16h416a16 16 0 0 0 16-16V216.82l38.8 31.29a6.83 6.83 0 0 0 9.6-1l14.19-17.5a7.14 7.14 0 0 0-1.11-9.7zM240 480V320h96v160zm240 0H368V304a16 16 0 0 0-16-16H224a16 16 0 0 0-16 16v176H96V190.92l187.71-151.4a6.63 6.63 0 0 1 8.4 0L480 191z\" class=\"\"><\/path><\/svg>","text":"Home","link":"\/"}},"7635fde1-aff2-4094-84c8-586f0dfcde6b":{"type":"action","settings":{"icon":"<svg xmlns=\"http:\/\/www.w3.org\/2000\/svg\" viewbox=\"0 0 32 32\" class=\"icon icon-search\"><path d=\"M 19 3 C 13.488281 3 9 7.488281 9 13 C 9 15.394531 9.839844 17.589844 11.25 19.3125 L 3.28125 27.28125 L 4.71875 28.71875 L 12.6875 20.75 C 14.410156 22.160156 16.605469 23 19 23 C 24.511719 23 29 18.511719 29 13 C 29 7.488281 24.511719 3 19 3 Z M 19 5 C 23.429688 5 27 8.570313 27 13 C 27 17.429688 23.429688 21 19 21 C 14.570313 21 11 17.429688 11 13 C 11 8.570313 14.570313 5 19 5 Z\"><\/path><\/svg>","text":"Search","action_to":"search"}},"f4af0dce-6553-449a-9db4-4720a4836ef7":{"type":"link","settings":{"icon":"<svg xmlns=\"http:\/\/www.w3.org\/2000\/svg\" viewbox=\"0 0 384.97 384.97\" xmlns:xlink=\"http:\/\/www.w3.org\/1999\/xlink\" xml:space=\"preserve\"><g><g id=\"Grid\"><path d=\"M144.364,0H24.061C10.767,0,0,10.767,0,24.061v120.303c0,13.281,10.767,24.061,24.061,24.061h120.303 c13.293,0,24.061-10.779,24.061-24.061V24.061C168.424,10.767,157.657,0,144.364,0z M144.364,144.364H24.061V24.061h120.303 V144.364z\"><\/path><path d=\"M360.909,0H240.606c-13.293,0-24.061,10.767-24.061,24.061v120.303c0,13.281,10.767,24.061,24.061,24.061h120.303    c13.281,0,24.061-10.779,24.061-24.061V24.061C384.97,10.767,374.191,0,360.909,0z M360.909,144.364H240.606V24.061h120.303 V144.364z\"><\/path><path d=\"M360.909,216.545H240.606c-13.293,0-24.061,10.779-24.061,24.061v120.303c0,13.293,10.767,24.061,24.061,24.061h120.303 c13.281,0,24.061-10.767,24.061-24.061V240.606C384.97,227.313,374.191,216.545,360.909,216.545z M360.909,360.909H240.606 V240.606h120.303V360.909z\"><\/path><path d=\"M144.364,216.545H24.061C10.767,216.545,0,227.325,0,240.606v120.303c0,13.293,10.767,24.061,24.061,24.061h120.303 c13.293,0,24.061-10.767,24.061-24.061V240.606C168.424,227.313,157.657,216.545,144.364,216.545z M144.364,360.909H24.061 V240.606h120.303V360.909z\"><\/path><\/g><\/g><\/svg>","text":"Collection","link":"shopify:\/\/collections"}},"5d6d32ae-e121-47c0-84be-ab16049c7872":{"type":"action","settings":{"icon":"<svg xmlns=\"http:\/\/www.w3.org\/2000\/svg\" class=\"icon icon-account\" viewbox=\"0 0 1024 1024\" width=\"100%\" height=\"100%\" xmlns:xlink=\"http:\/\/www.w3.org\/1999\/xlink\"><title>user<\/title>\n<path class=\"path1\" d=\"M486.4 563.2c-155.275 0-281.6-126.325-281.6-281.6s126.325-281.6 281.6-281.6 281.6 126.325 281.6 281.6-126.325 281.6-281.6 281.6zM486.4 51.2c-127.043 0-230.4 103.357-230.4 230.4s103.357 230.4 230.4 230.4c127.042 0 230.4-103.357 230.4-230.4s-103.358-230.4-230.4-230.4z\"><\/path><path class=\"path2\" d=\"M896 1024h-819.2c-42.347 0-76.8-34.451-76.8-76.8 0-3.485 0.712-86.285 62.72-168.96 36.094-48.126 85.514-86.36 146.883-113.634 74.957-33.314 168.085-50.206 276.797-50.206 108.71 0 201.838 16.893 276.797 50.206 61.37 27.275 110.789 65.507 146.883 113.634 62.008 82.675 62.72 165.475 62.72 168.96 0 42.349-34.451 76.8-76.8 76.8zM486.4 665.6c-178.52 0-310.267 48.789-381 141.093-53.011 69.174-54.195 139.904-54.2 140.61 0 14.013 11.485 25.498 25.6 25.498h819.2c14.115 0 25.6-11.485 25.6-25.6-0.006-0.603-1.189-71.333-54.198-140.507-70.734-92.304-202.483-141.093-381.002-141.093z\"><\/path><\/svg>","text":"Account","action_to":"account"}},"6af60981-e602-4eaa-8501-8d4518fba450":{"type":"action","settings":{"icon":"<svg viewbox=\"0 0 1024 1024\" class=\"icon icon-cart\" xmlns=\"http:\/\/www.w3.org\/2000\/svg\"><path class=\"path1\" d=\"M409.6 1024c-56.464 0-102.4-45.936-102.4-102.4s45.936-102.4 102.4-102.4S512 865.136 512 921.6 466.064 1024 409.6 1024zm0-153.6c-28.232 0-51.2 22.968-51.2 51.2s22.968 51.2 51.2 51.2 51.2-22.968 51.2-51.2-22.968-51.2-51.2-51.2z\"><\/path><path class=\"path2\" d=\"M768 1024c-56.464 0-102.4-45.936-102.4-102.4S711.536 819.2 768 819.2s102.4 45.936 102.4 102.4S824.464 1024 768 1024zm0-153.6c-28.232 0-51.2 22.968-51.2 51.2s22.968 51.2 51.2 51.2 51.2-22.968 51.2-51.2-22.968-51.2-51.2-51.2z\"><\/path><path class=\"path3\" d=\"M898.021 228.688C885.162 213.507 865.763 204.8 844.8 204.8H217.954l-5.085-30.506C206.149 133.979 168.871 102.4 128 102.4H76.8c-14.138 0-25.6 11.462-25.6 25.6s11.462 25.6 25.6 25.6H128c15.722 0 31.781 13.603 34.366 29.112l85.566 513.395C254.65 736.421 291.929 768 332.799 768h512c14.139 0 25.6-11.461 25.6-25.6s-11.461-25.6-25.6-25.6h-512c-15.722 0-31.781-13.603-34.366-29.11l-12.63-75.784 510.206-44.366c39.69-3.451 75.907-36.938 82.458-76.234l34.366-206.194c3.448-20.677-1.952-41.243-14.813-56.424zm-35.69 48.006l-34.366 206.194c-2.699 16.186-20.043 32.221-36.39 33.645l-514.214 44.714-50.874-305.246h618.314c5.968 0 10.995 2.054 14.155 5.782 3.157 3.73 4.357 9.024 3.376 14.912z\"><\/path><\/svg>","text":"Cart","action_to":"cart"}}},"block_order":["ff736cd3-bd2d-452d-b620-6f30e5896e28","7635fde1-aff2-4094-84c8-586f0dfcde6b","f4af0dce-6553-449a-9db4-4720a4836ef7","5d6d32ae-e121-47c0-84be-ab16049c7872","6af60981-e602-4eaa-8501-8d4518fba450"],"settings":{"display_section":false,"font_size":12,"font_weight":"500","icon_size":20,"color_icon":"#232323","border_color":"#ffffff","bg_color":"#ffffff","bg_color_gradient":""}}},"content_for_index":[],"blocks":{"15472879455061085326":{"type":"shopify:\/\/apps\/avada-order-limits\/blocks\/app-embed\/d3021427-4f7b-49c8-8963-29d1d52b8956","disabled":false,"settings":{}},"10436698916776057164":{"type":"shopify:\/\/apps\/appstle-subscription\/blocks\/appstle-subscription-helper\/fe257d39-6f88-4f35-ab08-bd437e3aa94e","disabled":false,"settings":{}},"4976129024724438625":{"type":"shopify:\/\/apps\/smart-seo\/blocks\/brokenLinkDetection\/7b0a6064-ca2e-4392-9a1d-8c43c942357b","disabled":false,"settings":{}},"6406956604159796213":{"type":"shopify:\/\/apps\/smart-seo\/blocks\/smartseo\/7b0a6064-ca2e-4392-9a1d-8c43c942357b","disabled":false,"settings":{}}}}}