{"sections":{"main":{"type":"main-cart","settings":{"container":"container","side_padding_full_width":0,"show_breadcrumb":true,"breadcrumb_color":"#999999","breadcrumb_alignment":"left","show_page_title":true,"page_title_color":"#232323","page_title_alignment":"left","enable_sticky_button_checkout_mb":false,"enable_dropdown":false,"show_vendor":true,"image_ratio":"portrait","portrait_aspect_ratio":133,"show_cart_countdown":true,"cart_countdown_time":40,"cart_countdown_text_item":"Please, hurry! Someone has placed an order on one of the items you have in the cart. We'll keep it for you for","cart_countdown_text_empty_1":"Please, hurry! The","cart_countdown_text_empty_2":"product is being sold at a shocking promotional price. We'll keep it for you for","cart_countdown_product":"","show_trust_image":true,"continue_button_action":"1","custom_button_link":"shopify:\/\/collections\/collection-home-1-1","mg_top_desktop":0,"mg_top_tablet":0,"mg_top_mobile":0,"mg_bottom_desktop":0,"mg_bottom_tablet":0,"mg_bottom_mobile":0}}},"order":["main"]}