{"sections":{"164007305002c9359c":{"type":"slide-show","blocks":{"16396282554658f073-0":{"type":"image","settings":{"image_slide":"shopify:\/\/shop_images\/TCG_2.png","image_slide_mb":"shopify:\/\/shop_images\/TCG_3.png","alignment":"left","enable_custom_position":true,"custom_horizontal":"8","custom_vertical":"50","custom_vertical_mb":"","enable_position_outside_image":false,"enable_border_line":false,"padding_vertical":30,"content_width":475,"text_alignment":"left","text_alignment_mb":"center","enable_content_fullwidth":false,"border_color_content":"","bg_color_content":"","profile_spacing_bottom":50,"profile_name":"","profile_name_color":"","profile_name_fs":20,"profile_name_fs_mb":20,"profile_name_fw":"normal","profile_title":"","profile_title_color":"","profile_title_fs":20,"profile_title_fs_mb":20,"profile_title_fw":"normal","sub_heading":"","letter_spacing_sub_title":"","font_size_sub_heading":30,"sub_heading_spacing_bottom":20,"sub_heading_font":"font_2","font_weight_sub_heading":"400","border_sub_heading":"none","sub_title_position":"sub_title_above","color_sub_heading":"#ffffff","heading":"","letter_spacing_heading":"","enable_border_heading":false,"font_style_heading":"normal","font_size_heading":60,"line_height_heading":70,"heading_spacing_bottom":8,"color_heading":"#24f2b4","slide-des":"","font_size_des":18,"line_height_des":22,"des_spacing_bottom":35,"color_des":"#ffffff","sub_heading_mb":"","font_size_sub_heading_mb":20,"sub_heading_spacing_bottom_mb":20,"font_weight_sub_heading_mb":"400","border_sub_heading_mb":"none","color_sub_heading_mb":"#ffffff","heading_mb":"","font_style_heading_mb":"normal","font_size_heading_mb":30,"line_height_heading_mb":24,"heading_spacing_bottom_mb":8,"color_heading_mb":"#24f2b4","slide-des-mb":"","font_size_des_mb":14,"des_spacing_bottom_mb":35,"color_des_mb":"#ffffff","enable_icon_button":false,"enable_button_link":false,"enable_underline":true,"font_size_link":36,"button_slide":"","link":"shopify:\/\/collections\/all","button_style":"button_1","button_slide_2":"","link_2":"","min_width_banner_button":210,"color_button":"#ffffff","border_button":"#fa3275","bg_button":"#fa3275","bg_button_gradient":"","color_button_hover":"#fa3275","border_button_hover":"#fa3275","bg_button_hover":"#ffffff","bg_button_gradient_hover":"","use_contrasting_colors":false,"lb_product_1":"","horizontal_pos_1":0,"vertical_pos_1":0,"lookbook_pos_1":"right","lb_product_2":"","horizontal_pos_2":0,"vertical_pos_2":0,"lookbook_pos_2":"right","lb_product_3":"","horizontal_pos_3":0,"vertical_pos_3":0,"lookbook_pos_3":"right"}}},"block_order":["16396282554658f073-0"],"settings":{"container":"fullwidth","padding_full_width":0,"slideshow_background":"","slideshow_background_gradient":"","border_radius":0,"autoplay":true,"slideshow_speed":"5000","slideshow_transition":"false","dots":"true","dots_color":"rgba(0,0,0,0)","dots_border_color":"#ffffff","dots_active_color":"#ffffff","dots_active_border_color":"#ffffff","dots_direction":"bottom","dots_shape":"disc","position_slick_dots":"34px","dots_opacity":false,"dot_with_image":false,"dot_width":66,"dot_width_active":130,"dot_width_mb":38,"dot_width_active_mb":65,"arrow_active":false,"enable_custom_arrow":false,"arrow_width":35,"arrow_height":35,"arrow_size_icon":17,"arrow_color":"#666d6d","arrow_border_color":"#666d6d","arrow_bg_color":"#ffffff","arrow_color_hover":"","arrow_border_color_hover":"","arrow_bg_color_hover":"","position_slick_arrow":"10%","position_vertical_slick_arrow":"50%","image_behavior":"none","video_height":"41.7%","video_height_mb":"41.7%","auto_playvideo":true,"enable_categories":false,"text_categories":"Shop by categories","title_color":"#ffffff","bg_title":"#fd6506","text_icon_color":"#202020","menu_category":"","enable_banner":false,"lookbook_style":"1","enable_lookbook_width":false,"lookbook_width":250,"dot_desktop_size":24,"dot_mobile_size":16,"dot_inner_color":"#000000","dot_shadow_color":"#ffffff","dot_outer_color":"#ffffff","show_dot_number":false,"show_dot_number_mobile":false,"show_plus_icon":false,"number_desktop_size":24,"number_mobile_size":16,"lookbook_truncate":"1","mg_top_desktop":0,"mg_top_tablet":0,"mg_top_mobile":0,"mg_bottom_desktop":0,"mg_bottom_tablet":0,"mg_bottom_mobile":0}},"163835209394385a65":{"type":"brand-slider","blocks":{"ec1e536b-2642-4258-99c0-33ab6fd3f170":{"type":"image","settings":{"image":"shopify:\/\/shop_images\/11-22-12-22-15-15-33m.jpg","title":"","color_text":"#220971","color_text_hover":"#220971","description":"","color_des":"#3c3c3c","link":""}},"e65ff003-59ab-4aa5-a162-1069c7449095":{"type":"image","settings":{"image":"shopify:\/\/shop_images\/pokemon_icon_34d79908-3c9b-409f-8a53-d28bb6126c76.png","title":"","color_text":"#220971","color_text_hover":"#220971","description":"","color_des":"#3c3c3c","link":""}},"40e08297-98c5-4803-b9aa-8b81d5891e9a":{"type":"image","settings":{"image":"shopify:\/\/shop_images\/182e8b9b3a9482ada97dbb72f936d831.jpg","title":"","color_text":"#220971","color_text_hover":"#220971","description":"","color_des":"#3c3c3c","link":""}},"2fe74e69-7bef-48eb-aa40-cfc5a2fc2b8b":{"type":"image","settings":{"image":"shopify:\/\/shop_images\/Screenshot-2025-04-11-234056.png","title":"","color_text":"#220971","color_text_hover":"#220971","description":"","color_des":"#3c3c3c","link":""}}},"block_order":["ec1e536b-2642-4258-99c0-33ab6fd3f170","e65ff003-59ab-4aa5-a162-1069c7449095","40e08297-98c5-4803-b9aa-8b81d5891e9a","2fe74e69-7bef-48eb-aa40-cfc5a2fc2b8b"],"settings":{"container":"container","padding_full_width":0,"brands_block_style":"style_1","brand_layout":"slider","scroll_from":"ltr","brand_scroll_time":"20","display_brand_border":true,"brand_bg":"#f5f5f5","brand_bg_gradient":"","title_align":"center","brand_title":"","color_title":"#232323","fontsize_title":16,"fontsize_title_mb":16,"mg_bottom_title":12,"mg_bottom_title_mb":12,"enable_border_title":false,"border_color_title":"#051c42","brand_des":"","color_des":"#3c3c3c","fontsize_des":16,"mg_bottom_des":0,"view_all":"","view_all_fs":12,"font_weight_view_all":"400","mg_bottom_view":30,"enable_border_view_all":true,"link_view_all":"","color_view_all":"#3c3c3c","icon_view_all":"","color_view_all_icon":"#eb492f","view_all_icon_side":"left","spacing_view_all_icon":0,"btn_text":"","fontsize_btn":12,"btn_spacing_top":15,"btn_color":"#828282","btn_link":"","enable_autoplay":false,"brand_speed":"3000","brand_rows":"4","enable_arrows":true,"enable_dots":false,"enable_center_mode":false,"style_position_arrows":"none","position_horizontal_arrow":15,"color_arrow":"","arrow_background":"","arrow_background_gradient":"","arrow_border":"","color_arrow_hover":"","arrow_background_hover":"","arrow_background_gradient_hover":"","arrow_border_hover":"","brand_rows_mb":"2","brand_image_ratio":"square","item_distance":15,"margin_bottom_image":25,"margin_bottom_image_mb":0,"brand_item_border":"none","border_radius":0,"border_color":"#e2e5e7","border_color_hover":"#2d2d2d","hover_effect":"zoom","color_underline_image_hover":"#000000","fontsize_text":16,"fontsize_text_mb":13,"font_weight_title":"400","margin_bottom_title":0,"mg_top_desktop":45,"mg_top_tablet":45,"mg_top_mobile":45,"mg_bottom_desktop":40,"mg_bottom_tablet":40,"mg_bottom_mobile":40}},"1640071699d0f9ad86":{"type":"rich-text","blocks":{"164007169953bc3b7a-1":{"type":"text","settings":{"text":"<p style=\"font-weight: 500;\">We donate $1 per pack to school supplies, plus free bonus cards and 6 months of EXPRESS delivery for new subscribers.\n<\/p>","text_size":23,"text_size_mb":12,"text_font_weight":"400","text_line_height":1,"margin_top_text":0,"text_color":"#220971","text_width":"800px"}}},"block_order":["164007169953bc3b7a-1"],"settings":{"container":"container","padding_full_width":0,"enable_border_top":false,"enable_border_bottom":false,"color_border_bottom":"#e8e8e8","enable_minus_mg_top":false,"minus_spacing_top":-100,"rich_text_bg":"#ffffff","rich_text_bg_gradient":"","enable_column":false,"content_align":"center","mg_top_desktop":30,"mg_top_tablet":30,"mg_top_mobile":30,"mg_bottom_desktop":20,"mg_bottom_tablet":20,"mg_bottom_mobile":20}},"16400771957eda3b83":{"type":"custom-image-banner","blocks":{"164005245961055364-0":{"type":"smallImg","settings":{"item_width":"50%","item_grid_gap":15,"item_border_radius":0,"title_align":"left","align_items":"bottom","align_items_spacing":15,"align_items_spacing_lr":30,"border_sub_title":false,"fontsize_sub_title":18,"mg_bottom_sub_title":10,"fontsize_title":24,"fontsize_title_mb":20,"mg_bottom_title":5,"mg_bottom_title_mb":5,"enable_style_italic":false,"fontsize_des":16,"mg_bottom_des":0,"mg_bottom_des_mb":20,"fontsize_btn":16,"button_width":190,"bg_opacity_button":1,"btn_text_transform":"uppercase","image_behavior":"none","enable_item_1":true,"item_width_1":"50%","item_spacing_1":50,"image_1":"shopify:\/\/shop_images\/f89740_1.png","sub_title_1":"","color_sub_title_1":"#ffffff","title_1":"","color_title_1":"#ffffff","des_type_1":"html","des_1":"","des_rich_1":"","color_des_1":"#ffffff","button_1":"","link_1":"shopify:\/\/products\/tcg-pokemon-booster-pack","color_button_1":"#ffffff","border_color_button_1":"#232323","bg_color_button_1":"#232323","bg_gradient_color_button_1":"","color_button_hover_1":"#ffffff","border_color_button_hover_1":"#232323","bg_color_button_hover_1":"#232323","bg_gradient_color_button_hover_1":"","btn_icon_1":"","enable_item_2":true,"item_width_2":"50%","item_spacing_2":50,"image_2":"shopify:\/\/shop_images\/f89740_2.png","sub_title_2":"","color_sub_title_2":"#ffffff","title_2":"","color_title_2":"#ffffff","des_type_2":"html","des_2":"","des_rich_2":"","color_des_2":"#ffffff","button_2":"","link_2":"shopify:\/\/products\/tcg-one-piece-booster-pack","color_button_2":"#ffffff","border_color_button_2":"#232323","bg_color_button_2":"#232323","bg_gradient_color_button_2":"","color_button_hover_2":"#ffffff","border_color_button_hover_2":"#232323","bg_color_button_hover_2":"#232323","bg_gradient_color_button_hover_2":"","btn_icon_2":"","enable_item_3":true,"item_width_3":"50%","item_spacing_3":0,"image_3":"shopify:\/\/shop_images\/f89740_3.png","sub_title_3":"","color_sub_title_3":"#ffffff","title_3":"","color_title_3":"#ffffff","des_type_3":"html","des_3":"","des_rich_3":"","color_des_3":"#ffffff","button_3":"","link_3":"shopify:\/\/products\/tcg-dragon-ball-z-booster-pack","color_button_3":"#ffffff","border_color_button_3":"#232323","bg_color_button_3":"#232323","bg_gradient_color_button_3":"","color_button_hover_3":"#ffffff","border_color_button_hover_3":"#232323","bg_color_button_hover_3":"#232323","bg_gradient_color_button_hover_3":"","btn_icon_3":"","enable_item_4":true,"item_width_4":"50%","item_spacing_4":0,"image_4":"shopify:\/\/shop_images\/f89740_5.png","sub_title_4":"","color_sub_title_4":"#ffffff","title_4":"","color_title_4":"#ffffff","des_type_4":"html","des_4":"","des_rich_4":"","color_des_4":"#ffffff","button_4":"","link_4":"shopify:\/\/products\/tcg-lorcana-booster-pack","color_button_4":"#ffffff","border_color_button_4":"#232323","bg_color_button_4":"#232323","bg_gradient_color_button_4":"","color_button_hover_4":"#ffffff","border_color_button_hover_4":"#232323","bg_color_button_hover_4":"#232323","bg_gradient_color_button_hover_4":"","btn_icon_4":""}},"164005245961055364-1":{"type":"largeImg","settings":{"item_width":"50%","item_border_radius":4,"item_spacing":0,"image":"shopify:\/\/shop_images\/Pack_Subscription_862ca59d-c86f-4a4e-8d84-c4dc23e84361.png","title_align":"left","align_items":"bottom","align_items_spacing":30,"align_items_spacing_lr":45,"sub_title":"","border_sub_title":false,"color_sub_title":"#ffffff","fontsize_sub_title":18,"mg_bottom_sub_title":10,"title":"","color_title":"#ffffff","fontsize_title":24,"fontsize_title_mb":20,"mg_bottom_title":10,"mg_bottom_title_mb":5,"enable_style_italic":false,"des_type":"html","des":"","des_rich":"","color_des":"#ffffff","fontsize_des":16,"mg_bottom_des":20,"mg_bottom_des_mb":20,"button":"","link":"shopify:\/\/collections\/tcg-subscription-box","fontsize_btn":16,"button_width":190,"color_button":"#ffffff","border_color_button":"#232323","bg_color_button":"#232323","bg_gradient_color_button":"","color_button_hover":"#ffffff","border_color_button_hover":"#232323","bg_color_button_hover":"#232323","bg_gradient_color_button_hover":"","bg_opacity_button":1,"btn_text_transform":"uppercase","btn_icon":"","image_behavior":"none"}}},"block_order":["164005245961055364-0","164005245961055364-1"],"settings":{"container":"container","padding_full_width":0,"custom_image_banner_block_swipe_on_mobile":"list","item_distance":15,"custom_image_banner_bg":"#ffffff","custom_image_banner_bg_gradient":"","title_align":"center","custom_image_banner_title":"","enable_border_title":false,"color_title":"#232323","fontsize_title":16,"fontsize_title_mb":16,"margin_bottom_title":45,"custom_image_banner_des":"","color_des":"#3c3c3c","fontsize_des":16,"mg_top_desktop":15,"mg_top_tablet":15,"mg_top_mobile":15,"mg_bottom_desktop":70,"mg_bottom_tablet":50,"mg_bottom_mobile":35}},"image_banner_imzJyJ":{"type":"image-banner","blocks":{"small_img_Mxm3HQ":{"type":"smallImg","settings":{"row_reverse":false,"image_width":"50","image":"shopify:\/\/shop_images\/dragon-ball-monthly-tcg-booster-pack-subscription-fusion-war-new-adventure.png","flying_effect":false,"small_img_block_style":"style_1","enable_divider":true,"divider_bg_color":"","content_spacing_right":50,"button_spacing_left":50,"button_pos_from_center":0,"content_pos_from_center":0,"divider_position_from_center":0,"small_banner_bg_color":"","mg_bottom_icon":25,"image_behavior":"none","sub_title":"","letter_spacing_sub_title":"","font_size_sub_title":14,"font_size_sub_title_mb":14,"margin_bottom_sub_title":14,"margin_bottom_sub_title_mb":14,"sub_heading_font":"font_1","font_weight_sub_title":"700","sub_title_position":"sub_title_above","color_sub_title":"#232323","heading":"Every 20th subscription — your choice of either:","letter_spacing_heading":"","font_size_heading":22,"font_size_heading_mb":24,"margin_bottom_heading":20,"margin_bottom_heading_mb":15,"font_weight_heading":"600","color_heading":"#232323","text":"1x Evolving Skies Booster (if you’re a Pokémon fan),\n<p>\nOR a Graded PSA 8–10 Card from your chosen TCG!”<\/p>","font_size_des":18,"font_size_des_mb":12,"line_height_des":26,"margin_bottom_des":35,"margin_bottom_des_mb":25,"color_des":"#232323","content_width":475,"align":"left","enable_content_border":false,"content_border_color":"#232323","video_link":"","adaptive_height_video":"56","icon_style":"style_1","color_icon":"#ffffff","bg_color_icon":"#000000","button_style":"style_1","btn_text":"Shop Now","link":"shopify:\/\/collections\/tcg-booster-packs","button_1_width":235,"enable_button_custom_border":false,"button_color":"#ffffff","button_border":"#232323","button_background":"#232323","button_background_gradient":"","button_color_hover":"#ffffff","button_border_hover":"#232323","button_background_hover":"#232323","button_background_gradient_hover":"","btn_2_text":"Shop Now","link_btn_2":"","button_2_width":235,"button_2_color":"#ffffff","button_2_border":"#232323","button_2_background":"#232323","button_2_background_gradient":"","button_2_color_hover":"#ffffff","button_2_border_hover":"#232323","button_2_background_hover":"#232323","button_2_background_gradient_hover":"","button_2_spacing_top":10}}},"block_order":["small_img_Mxm3HQ"],"name":"t:sections.image-banner.presets.name","settings":{"id_section":"","container":"fullwidth","padding_full_width":0,"display_type":"slide","enable_arrows":false,"arrows_position":"","enable_dots":false,"enable_autoplay":false,"list_gap":0,"image_banner_title":"","enable_border_title":false,"color_title":"#202020","fontsize_title":24,"fontsize_title_mb":20,"margin_bottom_title":25,"image_banner_des":"","color_des":"#202020","fontsize_des":16,"title_align":"center","style_bg":"none","bg_color":"","bg_color_gradient":"","mg_top_desktop":50,"mg_top_tablet":50,"mg_top_mobile":50,"mg_bottom_desktop":50,"mg_bottom_tablet":50,"mg_bottom_mobile":50}},"1639993689c1a0bd11":{"type":"product-block-vertical","blocks":{"a2c10b09-4c80-47bd-b460-ca59acb430a2":{"type":"listPrduct","settings":{"title":"TCG Booster Box Subscription: Weekly Deliveries of Authentic Packs","collection":"collection-home-08-pc-games","view_all":"","link_view_all":"shopify:\/\/collections\/tcg-booster-box-subscription"}},"2ad125d1-4658-48c3-a56e-a5bd198586a3":{"type":"listPrduct","settings":{"title":"TCG Booster Packs","collection":"tcg-booster-packs","view_all":"View All","link_view_all":"shopify:\/\/collections\/tcg-booster-packs"}},"900061ae-cc42-4884-861a-79e587e72d56":{"type":"listPrduct","settings":{"title":"XBOX 360 Games","collection":"collection-home-08-xbox-360","view_all":"View All","link_view_all":"shopify:\/\/collections\/trading-card-game-subscription-box"}}},"block_order":["a2c10b09-4c80-47bd-b460-ca59acb430a2","2ad125d1-4658-48c3-a56e-a5bd198586a3","900061ae-cc42-4884-861a-79e587e72d56"],"disabled":true,"settings":{"container":"container","padding_full_width":0,"spotlight_block_swipe_on_mobile":"slider","product_block_title":"","fontsize_title":16,"fontsize_title_mb":22,"color_title":"#232323","enable_border_title":false,"view_all":"","enable_border_view_all":true,"link_view_all":"","color_view_all":"#3c3c3c","title_align":"center","product_block_limit":3,"font_size_title_block":24,"font_size_title_block_mb":22,"enable_border_title_block":true,"color_border_block":"#e6e6e6","color_title_block":"#220971","color_view_all_block":"#220971","mg_top_desktop":75,"mg_top_tablet":50,"mg_top_mobile":30,"mg_bottom_desktop":100,"mg_bottom_tablet":100,"mg_bottom_mobile":100}},"image_banner_dBAAAC":{"type":"image-banner","blocks":{"large_img_CzdyMb":{"type":"largeImg","settings":{"image":"shopify:\/\/shop_images\/1000007732_7267414b-128c-4ff9-9ad6-19f2e47e917f.png","enable_max_width_image":false,"custom_width_image":1170,"border_radius":0,"enable_scroll_down":false,"enable_custom_image":false,"image_behavior":"none","sub_title":"","border_sub_title":false,"font_size_sub_title":14,"font_size_sub_title_mb":14,"margin_bottom_sub_title":14,"sub_heading_font":"font_1","font_weight_sub_title":"700","sub_title_position":"sub_title_above","color_sub_title":"#232323","color_sub_title_mb":"#ffffff","heading":"","special_text":"","letter_spacing_heading":"","enable_style_italic":false,"font_size_heading":40,"font_size_heading_mb":24,"margin_bottom_heading":20,"font_weight_heading":"600","color_heading":"#232323","color_heading_mb":"#ffffff","border_title":"border_s1","border_color_title":"#232323","border_color_title_mobile":"#ffffff","text":"","font_size_des":12,"font_size_des_mb":12,"line_height_des":26,"margin_bottom_des":35,"color_des":"#232323","color_des_mb":"#ffffff","countdown":"","hide_countdown_fc":"countdown","countdown_style":"round","countdown_position":"countdown_below_desc","font_size_countdown_number":30,"font_size_countdown_text":14,"color_countdown":"#232323","color_countdown_mb":"#ffffff","countdown_margin_bottom":35,"content_width":475,"bg_color_content":"","align":"center","align_items":"center","position":"left","custom_horizontal":"","custom_vertical":"","btn_text":"","link":"shopify:\/\/collections\/tcg-subscription-box","btn_icon":"","button_1_width":235,"enable_button_custom_border":false,"button_color":"#ffffff","button_border":"#232323","button_background":"#232323","button_background_gradient":"","button_color_hover":"#ffffff","button_border_hover":"#232323","button_background_hover":"#232323","button_background_gradient_hover":"","btn_text_2":"","link_2":"","btn_icon_2":"","button_color_2":"#ffffff","button_border_2":"#232323","button_background_2":"#232323","button_background_2_gradient":"","button_color_hover_2":"#ffffff","button_border_hover_2":"#232323","button_background_hover_2":"#232323","button_background_gradient_hover_2":"","video_link":"","adaptive_height_video":"56","icon_style":"style_1","color_icon":"#ffffff","bg_color_icon":"#000000","enable_custom_video_icon_position":false,"video_icon_horizontal_position":"","video_icon_vertical_position":"","video_icon_horizontal_position_mb":"","video_icon_vertical_position_mb":""}}},"block_order":["large_img_CzdyMb"],"name":"t:sections.image-banner.presets.name","settings":{"id_section":"","container":"fullwidth","padding_full_width":0,"display_type":"slide","enable_arrows":false,"arrows_position":"","enable_dots":false,"enable_autoplay":false,"list_gap":0,"image_banner_title":"","enable_border_title":false,"color_title":"#202020","fontsize_title":24,"fontsize_title_mb":20,"margin_bottom_title":25,"image_banner_des":"","color_des":"#202020","fontsize_des":16,"title_align":"center","style_bg":"none","bg_color":"","bg_color_gradient":"","mg_top_desktop":50,"mg_top_tablet":50,"mg_top_mobile":50,"mg_bottom_desktop":0,"mg_bottom_tablet":0,"mg_bottom_mobile":0}},"rich_text_tqJXdh":{"type":"rich-text","blocks":{"heading_Lzfenm":{"type":"heading","settings":{"heading":"","heading_size":30,"heading_size_mb":30,"heading_line_height":1,"heading_color":"#000000"}},"text_JDANTJ":{"type":"text","settings":{"text":"<p>Stay ahead in your collection with a trading card game subscription box from TCG - Gotta Collect Em' All. Each fortnight brings fresh excitement, as every box delivers new booster packs to your door. Enjoy favorites like Pokémon, One Piece, Dragon Ball, and Lorcana—carefully selected for true fans.\n<\/p><br><p>\nThe trading card game subscription box is perfect for collectors who crave variety and surprise. Every package includes authentic cards. You get bonus cards with each delivery. It’s a system made for collectors who want to keep building and updating their decks regularly.\n<\/p><br><p>\nYou can rely on the quality in every trading card game subscription box. Each product is sourced from top brands. Every card is genuine, so you can trust your collection grows the right way. The boxes are collector-approved, offering not just fun but peace of mind with every unboxing.<\/p>\n<br><p>\nIt is easy to start your journey. Choose your favorite trading card brand. Sign up, and look forward to scheduled arrivals that fit into your busy life. No more waiting or missing out on the latest sets. With every delivery, you stay on top of your game.\n<\/p><br><p>\nYour trading card game subscription box is shipped worldwide. No matter where you live, you receive curated booster packs and extra cards. Each box adds value to your collection and helps you keep up with new releases. You get excitement and collectibility, all in one package.\n<\/p><br><p>\nThis collection is designed for community and connection. Discuss your pulls with friends and fellow collectors. Trading card game subscription box members often share tips and celebrate rare finds together. Every delivery inspires new trades and stories for all fans. <\/p>","text_size":16,"text_size_mb":12,"text_font_weight":"400","text_line_height":1,"margin_top_text":20,"text_color":"#ffffff","text_width":"800px"}},"button_9VLAEd":{"type":"button","settings":{"button_style":"button_1","button_label":"LEARN MORE","button_link":"shopify:\/\/pages\/about-tcg-subscription-box","margin_top_button":30,"enable_underline_button":false,"button_color":"#220971","button_border_color":"#ffffff","button_bg_color":"#ffffff","button_bg_gradient":"","button_color_hover":"#000000","button_border_color_hover":"#000000","button_bg_color_hover":"#ffffff","button_bg_gradient_hover":"","button_width":"270px"}}},"block_order":["heading_Lzfenm","text_JDANTJ","button_9VLAEd"],"name":"t:sections.rich-text.presets.name","settings":{"container":"container","padding_full_width":0,"enable_border_top":false,"enable_border_bottom":false,"color_border_bottom":"#e8e8e8","enable_minus_mg_top":false,"minus_spacing_top":-100,"rich_text_bg":"#220971","rich_text_bg_gradient":"","enable_column":false,"content_align":"center","mg_top_desktop":50,"mg_top_tablet":50,"mg_top_mobile":50,"mg_bottom_desktop":60,"mg_bottom_tablet":95,"mg_bottom_mobile":100}},"custom_service_block_wjwyC9":{"type":"custom-service-block","blocks":{"text_ca978g":{"type":"Text","settings":{"bg_color_block":"#f8f8f8","border_block":"#f8f8f8","icon_type":"image","image":"shopify:\/\/shop_images\/authenticity.png","icon":"","width_icon":64,"height_icon":64,"mg_bottom_icon":45,"color_icon":"#3c3c3c","text":"Authenticity Guaranteed","type_tab_font":"font_1","fontsize_title_block":18,"fontsize_title_block_mb":18,"title_block_font_weight":"700","mg_bottom_title":15,"mg_bottom_title_mb":0,"color_block":"#232323","description":"Each booster pack is sourced directly from verified distributors.","fontsize_des_block":16,"fontsize_des_block_mb":14,"lineheight_des_block":22,"mg_bottom_des":0,"color_des_block":"#3c3c3c","button":"","link":"","button_style":"style1","fontsize_button":14,"button_width":235,"fontweight_button":"500","enable_underline_button":false,"color_button":"#ba7a2d","button_border":"","button_background":"","button_background_gradient":"","button_color_hover":"#ba7a2d","button_border_hover":"","button_background_hover":"","button_background_gradient_hover":""}},"text_7x7faR":{"type":"Text","settings":{"bg_color_block":"#f8f8f8","border_block":"#f8f8f8","icon_type":"image","image":"shopify:\/\/shop_images\/social-impact.png","icon":"","width_icon":64,"height_icon":64,"mg_bottom_icon":45,"color_icon":"#3c3c3c","text":"Community Impact","type_tab_font":"font_1","fontsize_title_block":18,"fontsize_title_block_mb":18,"title_block_font_weight":"700","mg_bottom_title":15,"mg_bottom_title_mb":0,"color_block":"#232323","description":"$1 donation per pack supports school supplies for struggling families.","fontsize_des_block":16,"fontsize_des_block_mb":14,"lineheight_des_block":22,"mg_bottom_des":0,"color_des_block":"#3c3c3c","button":"","link":"","button_style":"style1","fontsize_button":14,"button_width":235,"fontweight_button":"500","enable_underline_button":false,"color_button":"#ba7a2d","button_border":"","button_background":"","button_background_gradient":"","button_color_hover":"#ba7a2d","button_border_hover":"","button_background_hover":"","button_background_gradient_hover":""}},"text_UFDmTH":{"type":"Text","settings":{"bg_color_block":"#f8f8f8","border_block":"#f8f8f8","icon_type":"image","image":"shopify:\/\/shop_images\/perks.png","icon":"","width_icon":64,"height_icon":64,"mg_bottom_icon":45,"color_icon":"#3c3c3c","text":"Collector-First Perks","type_tab_font":"font_1","fontsize_title_block":18,"fontsize_title_block_mb":18,"title_block_font_weight":"700","mg_bottom_title":15,"mg_bottom_title_mb":0,"color_block":"#232323","description":"Enjoy free bonus cards and 6 months EXPRESS delivery for new subscribers.","fontsize_des_block":16,"fontsize_des_block_mb":14,"lineheight_des_block":22,"mg_bottom_des":0,"color_des_block":"#3c3c3c","button":"","link":"","button_style":"style1","fontsize_button":14,"button_width":235,"fontweight_button":"500","enable_underline_button":false,"color_button":"#ba7a2d","button_border":"","button_background":"","button_background_gradient":"","button_color_hover":"#ba7a2d","button_border_hover":"","button_background_hover":"","button_background_gradient_hover":""}}},"block_order":["text_ca978g","text_7x7faR","text_UFDmTH"],"name":"t:sections.custom_service_block.name","settings":{"id_section":"","container":"container","padding_full_width":0,"display_border_top":false,"display_border_bottom":false,"border_color":"#d0d0d0","service_block_swipe_on_mobile":"slider","color_icon_slider":"#212121","service_block_style":"style_1","policies_bg":"#ffffff","policies_bg_gradient":"","service_block_title":"Why’s us?","enable_border_title":false,"color_title":"#000000","fontsize_title":30,"fontsize_title_mb":22,"mg_bottom_title_service_block":12,"mg_bottom_title_service_block_mb":12,"service_block_des":"","service_block_des_pos":"bottom","color_des":"#000000","fontsize_des":16,"mg_top_service_block_des":50,"mg_bottom_service_block_des":50,"view_all":"","view_all_align":"center","font_weight_view_all":"400","mg_top_view":0,"mg_bottom_view":30,"enable_border_view_all":true,"link_view_all":"","color_view_all":"#3c3c3c","icon_view_all":"","color_view_all_icon":"#eb492f","title_align":"center","item_width":"full_width","border_item":"none","enable_item_distance":true,"enable_hover_box_shadow":false,"enable_hover_effects_top":false,"item_padding_top":13,"item_padding_bottom":13,"item_padding_left_right":40,"item_radius":4,"grid_gap":30,"item_align":"center","enable_block_bottom":false,"bg_block_bottom":"#000000","btn_text_block_bottom":"Shop Now","button_link_block_bottom":"","button_1_width_block_bottom":235,"button_color_block_bottom":"#ffffff","button_border_block_bottom":"#232323","button_background_block_bottom":"#232323","button_background_gradient_block_bottom":"","button_color_hover_block_bottom":"#ffffff","button_border_hover_block_bottom":"#232323","button_background_hover_block_bottom":"#232323","button_background_gradient_hover_block_bottom":"","btn_2_text_block_bottom":"Shop Now","button_link_2_block_bottom":"","button_2_width_block_bottom":235,"button_2_color_block_bottom":"#ffffff","button_2_border_block_bottom":"#232323","button_2_background_block_bottom":"#232323","button_2_background_gradient_block_bottom":"","button_2_color_hover_block_bottom":"#ffffff","button_2_border_hover_block_bottom":"#232323","button_2_background_hover_block_bottom":"#232323","button_2_background_gradient_hover_block_bottom":"","mg_top_desktop":50,"mg_top_tablet":50,"mg_top_mobile":50,"mg_bottom_desktop":50,"mg_bottom_tablet":50,"mg_bottom_mobile":50}},"1639989383a6d05981":{"type":"featured-blog","settings":{"container":"container","padding_full_width":0,"mg_minus_desktop":280,"blog_bg":"#5b3eef","blog_bg_gradient":"","featured_blog_title":"Latest Posts","margin_bottom_heading":11,"enable_border_title":false,"custom_width_title":340,"border_color_title":"#232323","color_title":"#220971","fontsize_title":24,"fontsize_title_mb":22,"featured_blog_des":"","margin_bottom_desheading":34,"color_des":"#220971","fontsize_des":16,"fontsize_des_mb":16,"title_align":"center","view_all":"","view_all_align":"center","font_weight_view_all":"400","mg_top_view":0,"mg_bottom_view":30,"enable_border_view_all":true,"link_view_all":"","color_view_all":"#3c3c3c","icon_view_all":"","color_view_all_icon":"#eb492f","view_all_icon_side":"left","view_all_pos":"under_title","blog_posts":"news","blog_results_per_row":"3","item_distance":15,"post_limit":3,"limit_content_des":15,"text_by":"by","text_on":"on","blog_show_author":true,"blog_show_date":true,"blog_show_des":true,"show_more_pos":"under_content","blog_show_more_icon":"none","blog_date_format":"short_month","blog_item_bg":"#ffffff","border_radius_item":10,"image_radius":0,"margin_bottom_image":10,"margin_bottom_title":10,"margin_bottom_info":10,"margin_bottom_des":12,"block_item_style":"style_1","block_item_align":"center","block_button_text_transform":"none","block_button_fw":"400","enable_border_box":false,"color_border_box":"#dbdbdb","color_title_item":"#220971","color_date_item":"#220971","color_des_item":"#220971","enable_blog_button":false,"color_button_item":"#3c3c3c","color_button_item_border":"#1e1e1e","color_button_item_bg":"#1e1e1e","color_button_item_hover":"#000000","color_button_item_border_hover":"#ffffff","color_button_item_bg_hover":"#ffffff","content_on_image":false,"content_bg":"","content_gradient":"","mg_top_desktop":150,"mg_top_tablet":100,"mg_top_mobile":100,"mg_bottom_desktop":80,"mg_bottom_tablet":50,"mg_bottom_mobile":65}},"1639983873bf216303":{"type":"brand-slider","blocks":{"ee51cf73-6662-4c8e-8922-012c4d55309a":{"type":"image","disabled":true,"settings":{"title":"","color_text":"#000000","color_text_hover":"#3e8cc4","description":"","color_des":"#3c3c3c","link":""}},"4a4bddbc-cf27-4eaa-a1e4-43c7b2da1054":{"type":"image","disabled":true,"settings":{"title":"","color_text":"#000000","color_text_hover":"#3e8cc4","description":"","color_des":"#3c3c3c","link":""}},"90e3eecd-afca-438f-ad41-83bfdc37427c":{"type":"image","disabled":true,"settings":{"title":"","color_text":"#000000","color_text_hover":"#3e8cc4","description":"","color_des":"#3c3c3c","link":""}},"a0c9a321-3749-41da-ab61-6446cbc5ead3":{"type":"image","disabled":true,"settings":{"title":"","color_text":"#000000","color_text_hover":"#3e8cc4","description":"","color_des":"#3c3c3c","link":""}},"adb7f063-f9e6-4e60-89d1-da257d3640fe":{"type":"image","disabled":true,"settings":{"title":"","color_text":"#000000","color_text_hover":"#3e8cc4","description":"","color_des":"#3c3c3c","link":""}},"4607938f-50ca-431f-a8b2-f86b3f9b1890":{"type":"image","disabled":true,"settings":{"title":"","color_text":"#000000","color_text_hover":"#3e8cc4","description":"","color_des":"#3c3c3c","link":""}}},"block_order":["ee51cf73-6662-4c8e-8922-012c4d55309a","4a4bddbc-cf27-4eaa-a1e4-43c7b2da1054","90e3eecd-afca-438f-ad41-83bfdc37427c","a0c9a321-3749-41da-ab61-6446cbc5ead3","adb7f063-f9e6-4e60-89d1-da257d3640fe","4607938f-50ca-431f-a8b2-f86b3f9b1890"],"disabled":true,"settings":{"container":"container","padding_full_width":0,"brands_block_style":"style_1","brand_layout":"slider","scroll_from":"ltr","brand_scroll_time":"20","display_brand_border":false,"brand_bg":"#220971","brand_bg_gradient":"","title_align":"center","brand_title":"","color_title":"#232323","fontsize_title":16,"fontsize_title_mb":16,"mg_bottom_title":12,"mg_bottom_title_mb":12,"enable_border_title":false,"border_color_title":"#051c42","brand_des":"","color_des":"#3c3c3c","fontsize_des":16,"mg_bottom_des":0,"view_all":"","view_all_fs":12,"font_weight_view_all":"400","mg_bottom_view":30,"enable_border_view_all":true,"link_view_all":"","color_view_all":"#3c3c3c","icon_view_all":"","color_view_all_icon":"#eb492f","view_all_icon_side":"left","spacing_view_all_icon":0,"btn_text":"","fontsize_btn":12,"btn_spacing_top":15,"btn_color":"#828282","btn_link":"","enable_autoplay":false,"brand_speed":"3000","brand_rows":"5","enable_arrows":true,"enable_dots":false,"enable_center_mode":false,"style_position_arrows":"none","position_horizontal_arrow":15,"color_arrow":"","arrow_background":"","arrow_background_gradient":"","arrow_border":"","color_arrow_hover":"","arrow_background_hover":"","arrow_background_gradient_hover":"","arrow_border_hover":"","brand_rows_mb":"1","brand_image_ratio":"adapt","item_distance":15,"margin_bottom_image":0,"margin_bottom_image_mb":0,"brand_item_border":"none","border_radius":0,"border_color":"#e2e5e7","border_color_hover":"#2d2d2d","hover_effect":"zoom","color_underline_image_hover":"#000000","fontsize_text":16,"fontsize_text_mb":13,"font_weight_title":"400","margin_bottom_title":0,"mg_top_desktop":50,"mg_top_tablet":50,"mg_top_mobile":50,"mg_bottom_desktop":50,"mg_bottom_tablet":50,"mg_bottom_mobile":50}}},"order":["164007305002c9359c","163835209394385a65","1640071699d0f9ad86","16400771957eda3b83","image_banner_imzJyJ","1639993689c1a0bd11","image_banner_dBAAAC","rich_text_tqJXdh","custom_service_block_wjwyC9","1639989383a6d05981","1639983873bf216303"]}